id;name;label;step_definition_id;display;jhi_order
1;Shirt XSS;paradigms;Accounts Texas impactful;false;69209
2;Via Tuna visualize;turn-key Tuna Rupee;Soft reboot;true;4941
3;Street Ball;Montana bluetooth wireless;supply-chains virtual gold;false;85772
4;Automotive Accounts Account;Investment Account;hacking;true;87092
5;deposit client-server;Kids orchid Orchestrator;SQL SSL Yuan;false;52419
6;Cambridgeshire Martinique;migration pixel redundant;Yemeni Berkshire;false;29247
7;Refined feed Internal;EXE;Shirt azure;false;45582
8;Handmade application;Flats Practical;concept Vermont Internal;false;45982
9;Fresh Rapid;teal;generate Borders deposit;false;85013
10;Jersey;Herzegovina;extranet dynamic;true;92212
